Benchmark name,Verification,device-name,kernel-time-mean,kernel-time-median,kernel-time-min,kernel-time-samples,kernel-time-stddev,kernel-time-throughput,local-size,problem-size,run-time-mean,run-time-median,run-time-min,run-time-samples,run-time-stddev,run-time-throughput,sycl-implementation,throughput-metric
MicroBench_sf_fp32_16,PASS,unknown,N/A,N/A,N/A,N/A,N/A,N/A,256,1024,0.000492,0.000435,0.000261,"0.000261 0.000262 0.000281 0.000281 0.000289 0.000289 0.000294 0.000299 0.000303 0.000305 0.000315 0.000317 0.000321 0.000322 0.000322 0.000322 0.000337 0.000338 0.000352 0.000372 0.000384 0.000410 0.000415 0.000426 0.000430 0.000435 0.000464 0.000484 0.000491 0.000492 0.000500 0.000500 0.000505 0.000507 0.000514 0.000518 0.000528 0.000531 0.000538 0.000544 0.000556 0.000559 0.000567 0.000567 0.000575 0.000575 0.000579 0.000621 0.000718 0.003481",0.000447,0.175281,triSYCL,0.000046
# Benchmark name,Verification,device-name,kernel-time-mean,kernel-time-median,kernel-time-min,kernel-time-samples,kernel-time-stddev,kernel-time-throughput,local-size,problem-size,run-time-mean,run-time-median,run-time-min,run-time-samples,run-time-stddev,run-time-throughput,sycl-implementation,throughput-metric
MicroBench_sf_fp64_16,PASS,unknown,N/A,N/A,N/A,N/A,N/A,N/A,256,1024,0.000581,0.000441,0.000186,"0.000186 0.000269 0.000273 0.000287 0.000288 0.000289 0.000290 0.000294 0.000296 0.000300 0.000307 0.000309 0.000313 0.000320 0.000324 0.000344 0.000347 0.000356 0.000378 0.000381 0.000392 0.000393 0.000402 0.000419 0.000438 0.000441 0.000469 0.000472 0.000492 0.000496 0.000508 0.000514 0.000533 0.000546 0.000548 0.000560 0.000574 0.000584 0.000591 0.000595 0.000603 0.000604 0.000607 0.000633 0.000643 0.000659 0.000663 0.000676 0.000700 0.007119",0.000953,0.246566,triSYCL,0.000046
# Benchmark name,Verification,device-name,kernel-time-mean,kernel-time-median,kernel-time-min,kernel-time-samples,kernel-time-stddev,kernel-time-throughput,local-size,problem-size,run-time-mean,run-time-median,run-time-min,run-time-samples,run-time-stddev,run-time-throughput,sycl-implementation,throughput-metric
Polybench_Correlation,PASS,unknown,N/A,N/A,N/A,N/A,N/A,N/A,256,1024,0.129245,0.135739,0.083756,"0.083756 0.092439 0.093069 0.095132 0.097232 0.104745 0.105065 0.115068 0.117704 0.121436 0.123415 0.123435 0.124007 0.126066 0.126869 0.127763 0.128311 0.129017 0.130022 0.130183 0.130543 0.132068 0.132732 0.135424 0.135497 0.135739 0.136109 0.136211 0.136714 0.136723 0.136751 0.136762 0.138171 0.138381 0.138598 0.139436 0.139846 0.140200 0.140659 0.140872 0.141043 0.141465 0.142129 0.142457 0.142507 0.142729 0.143803 0.143881 0.144814 0.145269",0.015546,N/A,triSYCL,N/A
# Benchmark name,Verification,device-name,kernel-time-mean,kernel-time-median,kernel-time-min,kernel-time-samples,kernel-time-stddev,kernel-time-throughput,local-size,problem-size,run-time-mean,run-time-median,run-time-min,run-time-samples,run-time-stddev,run-time-throughput,sycl-implementation,throughput-metric
Polybench_Mvt,PASS,unknown,N/A,N/A,N/A,N/A,N/A,N/A,256,16384,0.036189,0.035597,0.032954,"0.032954 0.033425 0.033514 0.033689 0.033739 0.033909 0.033990 0.033993 0.034096 0.034148 0.034382 0.034469 0.034592 0.034717 0.034770 0.034875 0.034897 0.034933 0.034965 0.035132 0.035272 0.035441 0.035442 0.035485 0.035515 0.035597 0.035817 0.035991 0.036008 0.036475 0.036506 0.036853 0.036956 0.037136 0.037314 0.037324 0.037326 0.037351 0.037855 0.037959 0.037984 0.038483 0.038774 0.038831 0.038980 0.039176 0.039222 0.039270 0.040019 0.043895",0.002165,N/A,triSYCL,N/A
# Benchmark name,Verification,device-name,kernel-time-mean,kernel-time-median,kernel-time-min,kernel-time-samples,kernel-time-stddev,kernel-time-throughput,local-size,problem-size,run-time-mean,run-time-median,run-time-min,run-time-samples,run-time-stddev,run-time-throughput,sycl-implementation,throughput-metric
MicroBench_Arith_int32_512,PASS,unknown,N/A,N/A,N/A,N/A,N/A,N/A,256,1024,0.000780,0.000646,0.000143,"0.000143 0.000342 0.000346 0.000375 0.000377 0.000377 0.000380 0.000392 0.000415 0.000465 0.000497 0.000535 0.000562 0.000562 0.000583 0.000588 0.000600 0.000602 0.000604 0.000617 0.000620 0.000623 0.000628 0.000629 0.000634 0.000646 0.000651 0.000654 0.000657 0.000658 0.000660 0.000665 0.000669 0.000671 0.000682 0.000682 0.000687 0.000694 0.000696 0.000701 0.000708 0.000708 0.000721 0.000730 0.000732 0.000738 0.000766 0.001049 0.001989 0.008299",0.001112,13.705371,triSYCL,0.001953
# Benchmark name,Verification,device-name,kernel-time-mean,kernel-time-median,kernel-time-min,kernel-time-samples,kernel-time-stddev,kernel-time-throughput,local-size,problem-size,run-time-mean,run-time-median,run-time-min,run-time-samples,run-time-stddev,run-time-throughput,sycl-implementation,throughput-metric
MicroBench_Arith_fp32_512,PASS,unknown,N/A,N/A,N/A,N/A,N/A,N/A,256,1024,0.000702,0.000492,0.000176,"0.000176 0.000206 0.000207 0.000214 0.000215 0.000218 0.000228 0.000234 0.000248 0.000355 0.000414 0.000417 0.000426 0.000427 0.000442 0.000444 0.000445 0.000449 0.000460 0.000462 0.000462 0.000472 0.000474 0.000477 0.000480 0.000492 0.000519 0.000557 0.000582 0.000623 0.000679 0.000682 0.000690 0.000705 0.000722 0.000726 0.000733 0.000751 0.000793 0.000799 0.000808 0.000815 0.000827 0.000829 0.000835 0.000835 0.000851 0.000903 0.000911 0.008395",0.001131,11.113846,triSYCL,0.001953
# Benchmark name,Verification,device-name,kernel-time-mean,kernel-time-median,kernel-time-min,kernel-time-samples,kernel-time-stddev,kernel-time-throughput,local-size,problem-size,run-time-mean,run-time-median,run-time-min,run-time-samples,run-time-stddev,run-time-throughput,sycl-implementation,throughput-metric
MicroBench_Arith_fp64_512,PASS,unknown,N/A,N/A,N/A,N/A,N/A,N/A,256,1024,0.000572,0.000492,0.000193,"0.000193 0.000194 0.000197 0.000199 0.000213 0.000220 0.000224 0.000224 0.000225 0.000227 0.000239 0.000252 0.000254 0.000261 0.000267 0.000268 0.000270 0.000272 0.000279 0.000404 0.000437 0.000442 0.000466 0.000471 0.000487 0.000492 0.000539 0.000578 0.000594 0.000624 0.000631 0.000633 0.000643 0.000670 0.000722 0.000729 0.000755 0.000774 0.000776 0.000778 0.000794 0.000801 0.000814 0.000822 0.000822 0.000841 0.000854 0.000870 0.000886 0.003991",0.000550,10.102702,triSYCL,0.001953
# Benchmark name,Verification,device-name,kernel-time-mean,kernel-time-median,kernel-time-min,kernel-time-samples,kernel-time-stddev,kernel-time-throughput,local-size,problem-size,run-time-mean,run-time-median,run-time-min,run-time-samples,run-time-stddev,run-time-throughput,sycl-implementation,throughput-metric
LinearRegression_fp32,PASS,unknown,N/A,N/A,N/A,N/A,N/A,N/A,256,65536,0.192297,0.189944,0.186749,"0.186749 0.186969 0.186976 0.187181 0.187376 0.187582 0.187606 0.187698 0.187754 0.187836 0.187955 0.187994 0.188148 0.188170 0.188611 0.188680 0.188754 0.189002 0.189212 0.189261 0.189347 0.189407 0.189442 0.189603 0.189849 0.189944 0.190219 0.190469 0.190476 0.190546 0.191365 0.191470 0.191832 0.192628 0.192734 0.192972 0.194616 0.195008 0.195059 0.195098 0.195782 0.196298 0.197527 0.198503 0.199943 0.202254 0.204847 0.205872 0.208605 0.213621",0.006039,N/A,triSYCL,N/A
# Benchmark name,Verification,device-name,kernel-time-mean,kernel-time-median,kernel-time-min,kernel-time-samples,kernel-time-stddev,kernel-time-throughput,local-size,problem-size,run-time-mean,run-time-median,run-time-min,run-time-samples,run-time-stddev,run-time-throughput,sycl-implementation,throughput-metric
LinearRegression_fp64,PASS,unknown,N/A,N/A,N/A,N/A,N/A,N/A,256,65536,0.190968,0.190017,0.188204,"0.188204 0.188266 0.188273 0.188662 0.188688 0.188713 0.188723 0.188740 0.188993 0.188997 0.189034 0.189157 0.189186 0.189293 0.189419 0.189559 0.189669 0.189753 0.189791 0.189802 0.189868 0.189910 0.189961 0.189966 0.189982 0.190017 0.190093 0.190226 0.190368 0.190422 0.190642 0.190886 0.191186 0.191245 0.191271 0.191327 0.191580 0.191630 0.191648 0.191815 0.191931 0.192273 0.192553 0.192844 0.193272 0.194592 0.197838 0.198310 0.198848 0.200989",0.002786,N/A,triSYCL,N/A
# Benchmark name,Verification,device-name,kernel-time-mean,kernel-time-median,kernel-time-min,kernel-time-samples,kernel-time-stddev,kernel-time-throughput,local-size,problem-size,run-time-mean,run-time-median,run-time-min,run-time-samples,run-time-stddev,run-time-throughput,sycl-implementation,throughput-metric
Polybench_3DConvolution,PASS,unknown,N/A,N/A,N/A,N/A,N/A,N/A,256,1024,6.856744,6.838580,6.519072,"6.519072 6.532873 6.615183 6.617489 6.644251 6.653160 6.662252 6.672146 6.702420 6.723195 6.733972 6.752858 6.762147 6.763138 6.772206 6.772207 6.783876 6.784333 6.798571 6.804071 6.807351 6.822251 6.825722 6.829513 6.837571 6.838580 6.845216 6.854714 6.862741 6.863469 6.870406 6.886063 6.897319 6.906752 6.923044 6.946715 6.954761 6.957353 6.964156 6.973873 6.979107 6.997060 7.004953 7.005372 7.015710 7.093102 7.104212 7.148058 7.227288 7.525360",0.178912,N/A,triSYCL,N/A
# Benchmark name,Verification,device-name,kernel-time-mean,kernel-time-median,kernel-time-min,kernel-time-samples,kernel-time-stddev,kernel-time-throughput,local-size,problem-size,run-time-mean,run-time-median,run-time-min,run-time-samples,run-time-stddev,run-time-throughput,sycl-implementation,throughput-metric
Polybench_Gramschmidt,PASS,unknown,N/A,N/A,N/A,N/A,N/A,N/A,256,1024,1.514580,1.513839,1.460709,"1.460709 1.462072 1.463620 1.467751 1.471475 1.477143 1.477821 1.481692 1.489307 1.491603 1.491606 1.492624 1.494423 1.495652 1.496464 1.502316 1.503698 1.503765 1.506778 1.508348 1.509437 1.509499 1.510891 1.512828 1.513445 1.513839 1.515712 1.518857 1.519010 1.519927 1.522565 1.523447 1.524863 1.525157 1.526191 1.528523 1.529805 1.531200 1.535691 1.537739 1.542385 1.542567 1.543243 1.544828 1.547295 1.547927 1.562298 1.565044 1.567478 1.598458",0.029398,N/A,triSYCL,N/A
# Benchmark name,Verification,device-name,kernel-time-mean,kernel-time-median,kernel-time-min,kernel-time-samples,kernel-time-stddev,kernel-time-throughput,local-size,problem-size,run-time-mean,run-time-median,run-time-min,run-time-samples,run-time-stddev,run-time-throughput,sycl-implementation,throughput-metric
Polybench_Atax,PASS,unknown,N/A,N/A,N/A,N/A,N/A,N/A,256,4096,0.014674,0.014583,0.013262,"0.013262 0.013314 0.013323 0.013399 0.013701 0.013711 0.013727 0.013745 0.013856 0.013909 0.013954 0.013966 0.013974 0.014023 0.014056 0.014184 0.014230 0.014287 0.014327 0.014328 0.014364 0.014400 0.014489 0.014490 0.014545 0.014583 0.014592 0.014614 0.014632 0.014660 0.014748 0.014786 0.014970 0.015012 0.015042 0.015062 0.015075 0.015092 0.015127 0.015149 0.015219 0.015222 0.015603 0.015694 0.015773 0.016212 0.016301 0.016498 0.017016 0.017471",0.000928,N/A,triSYCL,N/A
# Benchmark name,Verification,device-name,kernel-time-mean,kernel-time-median,kernel-time-min,kernel-time-samples,kernel-time-stddev,kernel-time-throughput,local-size,problem-size,run-time-mean,run-time-median,run-time-min,run-time-samples,run-time-stddev,run-time-throughput,sycl-implementation,throughput-metric
Polybench_2mm,PASS,unknown,N/A,N/A,N/A,N/A,N/A,N/A,256,1024,0.507057,0.511611,0.465978,"0.465978 0.468395 0.479970 0.484304 0.488575 0.492190 0.494212 0.502221 0.502705 0.504751 0.504849 0.505987 0.506464 0.506873 0.507212 0.508014 0.509552 0.509646 0.509860 0.509939 0.510449 0.510467 0.510502 0.510723 0.510976 0.511611 0.511673 0.512062 0.512116 0.512276 0.512355 0.512635 0.512773 0.512819 0.512967 0.513006 0.513049 0.513068 0.513324 0.513513 0.513569 0.513707 0.513804 0.513861 0.514081 0.514184 0.514296 0.514938 0.515536 0.520803",0.011457,N/A,triSYCL,N/A
# Benchmark name,Verification,device-name,kernel-time-mean,kernel-time-median,kernel-time-min,kernel-time-samples,kernel-time-stddev,kernel-time-throughput,local-size,problem-size,run-time-mean,run-time-median,run-time-min,run-time-samples,run-time-stddev,run-time-throughput,sycl-implementation,throughput-metric
Polybench_Gesummv,PASS,unknown,N/A,N/A,N/A,N/A,N/A,N/A,256,16384,0.069752,0.067194,0.057500,"0.057500 0.057710 0.059297 0.059715 0.061163 0.061376 0.062810 0.062954 0.063432 0.063535 0.063802 0.063835 0.064220 0.064236 0.064368 0.064523 0.064659 0.065410 0.065852 0.066606 0.066684 0.066700 0.066990 0.067072 0.067127 0.067194 0.068371 0.068565 0.068859 0.069233 0.072347 0.072746 0.072904 0.073642 0.073879 0.074113 0.074990 0.075455 0.075738 0.076038 0.076287 0.078410 0.078552 0.079896 0.080409 0.080584 0.082651 0.082791 0.083957 0.088403",0.007503,N/A,triSYCL,N/A
# Benchmark name,Verification,device-name,kernel-time-mean,kernel-time-median,kernel-time-min,kernel-time-samples,kernel-time-stddev,kernel-time-throughput,local-size,problem-size,run-time-mean,run-time-median,run-time-min,run-time-samples,run-time-stddev,run-time-throughput,sycl-implementation,throughput-metric
MatmulChain,PASS,unknown,N/A,N/A,N/A,N/A,N/A,N/A,256,1024,0.770947,0.769774,0.765018,"0.765018 0.765055 0.765487 0.765852 0.766309 0.766408 0.766679 0.766792 0.766894 0.767252 0.767464 0.767587 0.767696 0.767855 0.767871 0.768008 0.768196 0.768528 0.768799 0.768805 0.768975 0.769068 0.769419 0.769635 0.769725 0.769774 0.770003 0.770138 0.770469 0.770470 0.770619 0.770726 0.770795 0.771066 0.771511 0.772031 0.772599 0.773045 0.773476 0.774450 0.775374 0.775650 0.775824 0.776487 0.779504 0.779684 0.780420 0.781012 0.781211 0.781645",0.004558,N/A,triSYCL,N/A
# Benchmark name,Verification,device-name,kernel-time-mean,kernel-time-median,kernel-time-min,kernel-time-samples,kernel-time-stddev,kernel-time-throughput,local-size,problem-size,run-time-mean,run-time-median,run-time-min,run-time-samples,run-time-stddev,run-time-throughput,sycl-implementation,throughput-metric
VectorAddition_int32,PASS,unknown,N/A,N/A,N/A,N/A,N/A,N/A,256,1048576,0.005181,0.005055,0.004612,"0.004612 0.004626 0.004627 0.004659 0.004664 0.004692 0.004734 0.004756 0.004768 0.004787 0.004789 0.004796 0.004878 0.004901 0.004928 0.004943 0.004950 0.004958 0.004968 0.005010 0.005032 0.005034 0.005042 0.005049 0.005050 0.005055 0.005067 0.005068 0.005113 0.005132 0.005141 0.005142 0.005144 0.005168 0.005169 0.005192 0.005237 0.005240 0.005243 0.005259 0.005463 0.005588 0.005623 0.005789 0.005817 0.006046 0.006143 0.006190 0.006202 0.007574",0.000535,N/A,triSYCL,N/A
# Benchmark name,Verification,device-name,kernel-time-mean,kernel-time-median,kernel-time-min,kernel-time-samples,kernel-time-stddev,kernel-time-throughput,local-size,problem-size,run-time-mean,run-time-median,run-time-min,run-time-samples,run-time-stddev,run-time-throughput,sycl-implementation,throughput-metric
VectorAddition_int64,PASS,unknown,N/A,N/A,N/A,N/A,N/A,N/A,256,1048576,0.005250,0.005205,0.004649,"0.004649 0.004667 0.004777 0.004829 0.004841 0.004848 0.004872 0.004918 0.004922 0.004957 0.005006 0.005016 0.005047 0.005047 0.005067 0.005074 0.005087 0.005107 0.005116 0.005122 0.005124 0.005160 0.005162 0.005168 0.005185 0.005205 0.005224 0.005242 0.005289 0.005316 0.005318 0.005414 0.005488 0.005489 0.005490 0.005503 0.005508 0.005524 0.005538 0.005543 0.005554 0.005590 0.005596 0.005607 0.005658 0.005683 0.005710 0.005721 0.005761 0.005770",0.000307,N/A,triSYCL,N/A
# Benchmark name,Verification,device-name,kernel-time-mean,kernel-time-median,kernel-time-min,kernel-time-samples,kernel-time-stddev,kernel-time-throughput,local-size,problem-size,run-time-mean,run-time-median,run-time-min,run-time-samples,run-time-stddev,run-time-throughput,sycl-implementation,throughput-metric
VectorAddition_fp32,PASS,unknown,N/A,N/A,N/A,N/A,N/A,N/A,256,1048576,0.005400,0.005161,0.004567,"0.004567 0.004686 0.004699 0.004739 0.004810 0.004819 0.004874 0.004875 0.004880 0.004881 0.004953 0.004970 0.004975 0.005002 0.005002 0.005044 0.005048 0.005053 0.005056 0.005075 0.005094 0.005114 0.005117 0.005149 0.005150 0.005161 0.005174 0.005194 0.005204 0.005231 0.005271 0.005289 0.005378 0.005407 0.005438 0.005443 0.005463 0.005577 0.005626 0.005690 0.005901 0.005909 0.005910 0.006035 0.006053 0.006253 0.007103 0.007171 0.007639 0.007836",0.000721,N/A,triSYCL,N/A
# Benchmark name,Verification,device-name,kernel-time-mean,kernel-time-median,kernel-time-min,kernel-time-samples,kernel-time-stddev,kernel-time-throughput,local-size,problem-size,run-time-mean,run-time-median,run-time-min,run-time-samples,run-time-stddev,run-time-throughput,sycl-implementation,throughput-metric
VectorAddition_fp64,PASS,unknown,N/A,N/A,N/A,N/A,N/A,N/A,256,1048576,0.005595,0.005436,0.004718,"0.004718 0.004893 0.004902 0.004976 0.005055 0.005066 0.005080 0.005093 0.005124 0.005149 0.005157 0.005189 0.005239 0.005246 0.005252 0.005261 0.005291 0.005320 0.005338 0.005359 0.005365 0.005378 0.005406 0.005419 0.005431 0.005436 0.005444 0.005458 0.005466 0.005504 0.005513 0.005562 0.005564 0.005571 0.005582 0.005586 0.005607 0.005675 0.005676 0.005748 0.005777 0.005806 0.005829 0.005894 0.005951 0.006154 0.006693 0.007081 0.007703 0.009743",0.000793,N/A,triSYCL,N/A
# Benchmark name,Verification,device-name,kernel-time-mean,kernel-time-median,kernel-time-min,kernel-time-samples,kernel-time-stddev,kernel-time-throughput,local-size,problem-size,run-time-mean,run-time-median,run-time-min,run-time-samples,run-time-stddev,run-time-throughput,sycl-implementation,throughput-metric
Polybench_Bicg,PASS,unknown,N/A,N/A,N/A,N/A,N/A,N/A,256,16384,0.352302,0.352381,0.338839,"0.338839 0.339234 0.342395 0.342444 0.342840 0.343921 0.346154 0.346600 0.346610 0.346884 0.346904 0.348003 0.348297 0.348355 0.348600 0.348741 0.349796 0.350212 0.350518 0.350624 0.350850 0.350938 0.350974 0.351718 0.352103 0.352381 0.352695 0.353201 0.354148 0.354773 0.355024 0.355063 0.355132 0.355173 0.355240 0.355295 0.355324 0.355496 0.357185 0.357716 0.357950 0.358027 0.358166 0.358689 0.359567 0.360231 0.360443 0.362042 0.365305 0.368298",0.006294,N/A,triSYCL,N/A
# Benchmark name,Verification,device-name,kernel-time-mean,kernel-time-median,kernel-time-min,kernel-time-samples,kernel-time-stddev,kernel-time-throughput,local-size,problem-size,run-time-mean,run-time-median,run-time-min,run-time-samples,run-time-stddev,run-time-throughput,sycl-implementation,throughput-metric
Runtime_IndependentDAGTaskThroughput_SingleTask,PASS,unknown,N/A,N/A,N/A,N/A,N/A,N/A,256,1024,0.016713,0.016460,0.013958,"0.013958 0.014126 0.014246 0.014468 0.014485 0.014654 0.014751 0.014984 0.015033 0.015201 0.015268 0.015305 0.015340 0.015541 0.015591 0.015625 0.015708 0.015801 0.015914 0.016237 0.016268 0.016278 0.016280 0.016419 0.016444 0.016460 0.016478 0.016542 0.016544 0.016598 0.016609 0.016635 0.016704 0.016837 0.016940 0.016968 0.017111 0.017178 0.017352 0.017388 0.017581 0.017589 0.018476 0.018756 0.018791 0.020485 0.021551 0.021720 0.021844 0.022609",0.002011,N/A,triSYCL,N/A
# Benchmark name,Verification,device-name,kernel-time-mean,kernel-time-median,kernel-time-min,kernel-time-samples,kernel-time-stddev,kernel-time-throughput,local-size,problem-size,run-time-mean,run-time-median,run-time-min,run-time-samples,run-time-stddev,run-time-throughput,sycl-implementation,throughput-metric
Runtime_IndependentDAGTaskThroughput_BasicParallelFor,PASS,unknown,N/A,N/A,N/A,N/A,N/A,N/A,256,1024,0.070018,0.072221,0.035285,"0.035285 0.035835 0.036216 0.038294 0.041670 0.042997 0.043372 0.044993 0.045482 0.046906 0.047589 0.048260 0.049892 0.050531 0.051822 0.052307 0.054079 0.054546 0.056097 0.067141 0.067238 0.068378 0.068971 0.069046 0.069934 0.072221 0.072902 0.073460 0.073690 0.074937 0.075439 0.077591 0.079432 0.080635 0.082342 0.083278 0.083279 0.083964 0.086292 0.087855 0.090409 0.090476 0.091373 0.092815 0.093237 0.098471 0.099077 0.099253 0.123060 0.148527",0.023522,N/A,triSYCL,N/A
# Benchmark name,Verification,device-name,kernel-time-mean,kernel-time-median,kernel-time-min,kernel-time-samples,kernel-time-stddev,kernel-time-throughput,local-size,problem-size,run-time-mean,run-time-median,run-time-min,run-time-samples,run-time-stddev,run-time-throughput,sycl-implementation,throughput-metric
Runtime_IndependentDAGTaskThroughput_HierarchicalParallelFor,PASS,unknown,N/A,N/A,N/A,N/A,N/A,N/A,256,1024,0.071535,0.076584,0.032926,"0.032926 0.033325 0.037990 0.039049 0.039697 0.040529 0.041506 0.042101 0.043555 0.048622 0.050748 0.054525 0.058085 0.064274 0.066172 0.067422 0.067438 0.069231 0.071801 0.072171 0.073038 0.073234 0.073563 0.075078 0.076079 0.076584 0.076759 0.076905 0.077389 0.078289 0.078351 0.078544 0.079329 0.080073 0.081536 0.081820 0.082497 0.083682 0.085055 0.085762 0.085889 0.086385 0.086558 0.087645 0.087708 0.087857 0.099525 0.108238 0.113383 0.118828",0.020231,N/A,triSYCL,N/A
# Benchmark name,Verification,device-name,kernel-time-mean,kernel-time-median,kernel-time-min,kernel-time-samples,kernel-time-stddev,kernel-time-throughput,local-size,problem-size,run-time-mean,run-time-median,run-time-min,run-time-samples,run-time-stddev,run-time-throughput,sycl-implementation,throughput-metric
Runtime_IndependentDAGTaskThroughput_NDRangeParallelFor,PASS,unknown,N/A,N/A,N/A,N/A,N/A,N/A,256,1024,0.065729,0.070204,0.033132,"0.033132 0.034291 0.036611 0.037454 0.037748 0.039071 0.040990 0.041677 0.042273 0.045053 0.047276 0.047341 0.048411 0.049846 0.053658 0.056916 0.059316 0.059956 0.060264 0.060870 0.063285 0.063290 0.063755 0.068281 0.069779 0.070204 0.070411 0.070536 0.071550 0.072020 0.073036 0.075450 0.076588 0.077149 0.077607 0.077676 0.078402 0.079197 0.083538 0.084227 0.084563 0.085114 0.085337 0.085338 0.086214 0.087366 0.087542 0.092645 0.095177 0.099007",0.018274,N/A,triSYCL,N/A
# Benchmark name,Verification,device-name,kernel-time-mean,kernel-time-median,kernel-time-min,kernel-time-samples,kernel-time-stddev,kernel-time-throughput,local-size,problem-size,run-time-mean,run-time-median,run-time-min,run-time-samples,run-time-stddev,run-time-throughput,sycl-implementation,throughput-metric
MicroBench_LocalMem_int32_4096,PASS,unknown,N/A,N/A,N/A,N/A,N/A,N/A,256,1024,0.002894,0.001204,0.000694,"0.000694 0.000741 0.000768 0.000800 0.000810 0.000832 0.000848 0.000858 0.000870 0.000886 0.000909 0.000920 0.000933 0.000954 0.000993 0.001003 0.001003 0.001034 0.001080 0.001094 0.001127 0.001133 0.001169 0.001176 0.001178 0.001204 0.001215 0.001242 0.001273 0.001274 0.001307 0.001373 0.001392 0.001414 0.001474 0.001498 0.001503 0.001732 0.002035 0.003197 0.003345 0.003466 0.004728 0.004749 0.004891 0.005304 0.005317 0.008402 0.009425 0.048110",0.006801,N/A,triSYCL,0.000000
# Benchmark name,Verification,device-name,kernel-time-mean,kernel-time-median,kernel-time-min,kernel-time-samples,kernel-time-stddev,kernel-time-throughput,local-size,problem-size,run-time-mean,run-time-median,run-time-min,run-time-samples,run-time-stddev,run-time-throughput,sycl-implementation,throughput-metric
MicroBench_LocalMem_fp32_4096,PASS,unknown,N/A,N/A,N/A,N/A,N/A,N/A,256,1024,0.001623,0.001183,0.000649,"0.000649 0.000744 0.000751 0.000780 0.000826 0.000832 0.000866 0.000887 0.000904 0.000933 0.000938 0.000952 0.000960 0.001001 0.001002 0.001017 0.001023 0.001057 0.001077 0.001086 0.001102 0.001123 0.001123 0.001148 0.001150 0.001183 0.001197 0.001217 0.001221 0.001224 0.001228 0.001233 0.001255 0.001266 0.001330 0.001331 0.001343 0.001390 0.001413 0.001463 0.001467 0.001679 0.002002 0.002287 0.003653 0.004015 0.004264 0.004707 0.006095 0.007739",0.001412,N/A,triSYCL,0.000000
# Benchmark name,Verification,device-name,kernel-time-mean,kernel-time-median,kernel-time-min,kernel-time-samples,kernel-time-stddev,kernel-time-throughput,local-size,problem-size,run-time-mean,run-time-median,run-time-min,run-time-samples,run-time-stddev,run-time-throughput,sycl-implementation,throughput-metric
MicroBench_LocalMem_fp64_4096,PASS,unknown,N/A,N/A,N/A,N/A,N/A,N/A,256,1024,0.001032,0.000947,0.000494,"0.000494 0.000544 0.000613 0.000640 0.000644 0.000644 0.000649 0.000682 0.000684 0.000698 0.000709 0.000736 0.000752 0.000754 0.000762 0.000790 0.000792 0.000822 0.000837 0.000852 0.000857 0.000871 0.000879 0.000884 0.000924 0.000947 0.000947 0.000957 0.000971 0.000972 0.000973 0.000986 0.000990 0.001008 0.001011 0.001014 0.001018 0.001032 0.001043 0.001045 0.001049 0.001061 0.001071 0.001086 0.001123 0.001147 0.001153 0.001271 0.002883 0.006326",0.000833,N/A,triSYCL,0.000000
# Benchmark name,Verification,device-name,kernel-time-mean,kernel-time-median,kernel-time-min,kernel-time-samples,kernel-time-stddev,kernel-time-throughput,local-size,problem-size,run-time-mean,run-time-median,run-time-min,run-time-samples,run-time-stddev,run-time-throughput,sycl-implementation,throughput-metric
Polybench_Gemm,PASS,unknown,N/A,N/A,N/A,N/A,N/A,N/A,256,1024,0.252478,0.254804,0.236940,"0.236940 0.238704 0.242087 0.243564 0.245932 0.246076 0.246272 0.246406 0.248183 0.248297 0.248451 0.248686 0.249348 0.250524 0.250806 0.251068 0.251709 0.252222 0.252283 0.253436 0.254114 0.254121 0.254396 0.254509 0.254700 0.254804 0.254842 0.254946 0.254971 0.255213 0.255246 0.255273 0.255596 0.255634 0.255780 0.255781 0.255818 0.255834 0.255943 0.255969 0.256003 0.256296 0.256364 0.256419 0.256504 0.256690 0.256834 0.256900 0.257559 0.259825",0.005004,N/A,triSYCL,N/A
# Benchmark name,Verification,device-name,kernel-time-mean,kernel-time-median,kernel-time-min,kernel-time-samples,kernel-time-stddev,kernel-time-throughput,local-size,problem-size,run-time-mean,run-time-median,run-time-min,run-time-samples,run-time-stddev,run-time-throughput,sycl-implementation,throughput-metric
MolecularDynamics,PASS,unknown,N/A,N/A,N/A,N/A,N/A,N/A,256,1048576,0.009839,0.009611,0.008880,"0.008880 0.008982 0.009118 0.009177 0.009179 0.009209 0.009219 0.009246 0.009262 0.009264 0.009290 0.009291 0.009296 0.009322 0.009344 0.009395 0.009399 0.009402 0.009443 0.009490 0.009507 0.009559 0.009569 0.009582 0.009589 0.009611 0.009618 0.009654 0.009658 0.009687 0.009731 0.009802 0.009808 0.009853 0.010024 0.010094 0.010173 0.010247 0.010264 0.010387 0.010392 0.010435 0.010438 0.010490 0.010853 0.011080 0.011106 0.011227 0.011260 0.013048",0.000762,N/A,triSYCL,N/A
# Benchmark name,Verification,device-name,kernel-time-mean,kernel-time-median,kernel-time-min,kernel-time-samples,kernel-time-stddev,kernel-time-throughput,local-size,problem-size,run-time-mean,run-time-median,run-time-min,run-time-samples,run-time-stddev,run-time-throughput,sycl-implementation,throughput-metric
Kmeans_fp32,PASS,unknown,N/A,N/A,N/A,N/A,N/A,N/A,256,1048576,0.006395,0.006012,0.005447,"0.005447 0.005473 0.005474 0.005524 0.005544 0.005628 0.005633 0.005663 0.005683 0.005701 0.005732 0.005748 0.005762 0.005804 0.005812 0.005856 0.005879 0.005893 0.005900 0.005918 0.005944 0.005961 0.005969 0.005994 0.005994 0.006012 0.006031 0.006039 0.006119 0.006119 0.006156 0.006185 0.006205 0.006277 0.006339 0.006357 0.006364 0.006383 0.006521 0.006528 0.006748 0.006757 0.006762 0.007194 0.007459 0.007512 0.007593 0.007675 0.007932 0.016567",0.001590,N/A,triSYCL,N/A
# Benchmark name,Verification,device-name,kernel-time-mean,kernel-time-median,kernel-time-min,kernel-time-samples,kernel-time-stddev,kernel-time-throughput,local-size,problem-size,run-time-mean,run-time-median,run-time-min,run-time-samples,run-time-stddev,run-time-throughput,sycl-implementation,throughput-metric
Kmeans_fp64,PASS,unknown,N/A,N/A,N/A,N/A,N/A,N/A,256,1048576,0.006041,0.006024,0.005372,"0.005372 0.005374 0.005388 0.005417 0.005420 0.005444 0.005479 0.005525 0.005534 0.005564 0.005611 0.005629 0.005649 0.005669 0.005705 0.005791 0.005822 0.005863 0.005883 0.005895 0.005900 0.005918 0.005932 0.005941 0.005944 0.006024 0.006028 0.006070 0.006071 0.006083 0.006096 0.006099 0.006103 0.006132 0.006162 0.006166 0.006233 0.006260 0.006270 0.006423 0.006446 0.006506 0.006555 0.006604 0.006631 0.006783 0.006805 0.007010 0.007393 0.007436",0.000495,N/A,triSYCL,N/A
# Benchmark name,Verification,device-name,kernel-time-mean,kernel-time-median,kernel-time-min,kernel-time-samples,kernel-time-stddev,kernel-time-throughput,local-size,problem-size,run-time-mean,run-time-median,run-time-min,run-time-samples,run-time-stddev,run-time-throughput,sycl-implementation,throughput-metric
MicroBench_L2_int32_1,N/A,unknown,N/A,N/A,N/A,N/A,N/A,N/A,256,1048576,0.006345,0.006331,0.004733,"0.004733 0.004769 0.004807 0.004895 0.004918 0.004925 0.005007 0.005067 0.005067 0.005201 0.005233 0.005260 0.005285 0.005291 0.005334 0.005395 0.005454 0.005457 0.005499 0.005546 0.005585 0.005653 0.005806 0.005917 0.006230 0.006331 0.006505 0.006512 0.006542 0.006552 0.006591 0.006598 0.006778 0.006859 0.006873 0.006881 0.006967 0.007337 0.007357 0.007384 0.007388 0.007447 0.008059 0.008120 0.008357 0.008365 0.008371 0.008375 0.008530 0.009847",0.001258,N/A,triSYCL,N/A
# Benchmark name,Verification,device-name,kernel-time-mean,kernel-time-median,kernel-time-min,kernel-time-samples,kernel-time-stddev,kernel-time-throughput,local-size,problem-size,run-time-mean,run-time-median,run-time-min,run-time-samples,run-time-stddev,run-time-throughput,sycl-implementation,throughput-metric
MicroBench_L2_int32_2,N/A,unknown,N/A,N/A,N/A,N/A,N/A,N/A,256,1048576,0.006138,0.005736,0.004432,"0.004432 0.004620 0.004651 0.004712 0.004734 0.004817 0.004833 0.004892 0.004937 0.005016 0.005023 0.005065 0.005105 0.005131 0.005151 0.005170 0.005336 0.005340 0.005395 0.005420 0.005491 0.005492 0.005496 0.005562 0.005591 0.005736 0.005846 0.005866 0.006298 0.006324 0.006426 0.006532 0.006671 0.006767 0.006895 0.006939 0.007006 0.007042 0.007071 0.007125 0.007239 0.007792 0.007853 0.008092 0.008150 0.008242 0.008279 0.008341 0.008434 0.008528",0.001239,N/A,triSYCL,N/A
# Benchmark name,Verification,device-name,kernel-time-mean,kernel-time-median,kernel-time-min,kernel-time-samples,kernel-time-stddev,kernel-time-throughput,local-size,problem-size,run-time-mean,run-time-median,run-time-min,run-time-samples,run-time-stddev,run-time-throughput,sycl-implementation,throughput-metric
MicroBench_L2_int32_4,N/A,unknown,N/A,N/A,N/A,N/A,N/A,N/A,256,1048576,0.005755,0.005455,0.004640,"0.004640 0.004642 0.004666 0.004677 0.004689 0.004767 0.004808 0.004816 0.004818 0.004848 0.004919 0.004993 0.005021 0.005087 0.005155 0.005224 0.005242 0.005250 0.005258 0.005324 0.005335 0.005396 0.005402 0.005419 0.005454 0.005455 0.005479 0.005483 0.005516 0.005548 0.005571 0.005656 0.005762 0.005791 0.005837 0.005910 0.006021 0.006033 0.006245 0.006337 0.006502 0.006571 0.006590 0.006669 0.007183 0.008058 0.008406 0.008411 0.008427 0.008433",0.001055,N/A,triSYCL,N/A
# Benchmark name,Verification,device-name,kernel-time-mean,kernel-time-median,kernel-time-min,kernel-time-samples,kernel-time-stddev,kernel-time-throughput,local-size,problem-size,run-time-mean,run-time-median,run-time-min,run-time-samples,run-time-stddev,run-time-throughput,sycl-implementation,throughput-metric
MicroBench_L2_int32_8,N/A,unknown,N/A,N/A,N/A,N/A,N/A,N/A,256,1048576,0.006082,0.005573,0.004723,"0.004723 0.004847 0.004872 0.004902 0.004942 0.004981 0.005043 0.005059 0.005081 0.005087 0.005095 0.005097 0.005216 0.005229 0.005230 0.005271 0.005298 0.005327 0.005328 0.005354 0.005387 0.005398 0.005480 0.005496 0.005543 0.005573 0.005583 0.005636 0.005685 0.005898 0.005998 0.005999 0.006005 0.006122 0.006428 0.006452 0.006469 0.006526 0.006801 0.007023 0.007609 0.007842 0.007882 0.008222 0.008242 0.008436 0.008538 0.008547 0.008603 0.008687",0.001225,N/A,triSYCL,N/A
# Benchmark name,Verification,device-name,kernel-time-mean,kernel-time-median,kernel-time-min,kernel-time-samples,kernel-time-stddev,kernel-time-throughput,local-size,problem-size,run-time-mean,run-time-median,run-time-min,run-time-samples,run-time-stddev,run-time-throughput,sycl-implementation,throughput-metric
MicroBench_L2_int32_16,N/A,unknown,N/A,N/A,N/A,N/A,N/A,N/A,256,1048576,0.006578,0.006337,0.004988,"0.004988 0.005068 0.005073 0.005125 0.005169 0.005172 0.005207 0.005230 0.005268 0.005284 0.005293 0.005302 0.005333 0.005480 0.005481 0.005503 0.005581 0.005724 0.005790 0.005956 0.005985 0.006003 0.006029 0.006079 0.006198 0.006337 0.006432 0.006474 0.006504 0.006516 0.006692 0.006703 0.006703 0.006912 0.007071 0.007230 0.007390 0.007900 0.008100 0.008109 0.008206 0.008402 0.008509 0.008534 0.008563 0.008679 0.008799 0.008869 0.008967 0.008979",0.001311,N/A,triSYCL,N/A
# Benchmark name,Verification,device-name,kernel-time-mean,kernel-time-median,kernel-time-min,kernel-time-samples,kernel-time-stddev,kernel-time-throughput,local-size,problem-size,run-time-mean,run-time-median,run-time-min,run-time-samples,run-time-stddev,run-time-throughput,sycl-implementation,throughput-metric
MicroBench_L2_fp32_1,N/A,unknown,N/A,N/A,N/A,N/A,N/A,N/A,256,1048576,0.006138,0.006167,0.004512,"0.004512 0.004518 0.004703 0.004747 0.004802 0.004821 0.004909 0.004965 0.005043 0.005106 0.005142 0.005158 0.005227 0.005232 0.005239 0.005272 0.005310 0.005341 0.005387 0.005435 0.005493 0.005522 0.005649 0.005660 0.005915 0.006167 0.006169 0.006177 0.006216 0.006350 0.006372 0.006400 0.006456 0.006476 0.006523 0.006592 0.006628 0.006761 0.006809 0.006951 0.007270 0.007300 0.007373 0.007886 0.008312 0.008374 0.008521 0.008538 0.008574 0.008619",0.001193,N/A,triSYCL,N/A
# Benchmark name,Verification,device-name,kernel-time-mean,kernel-time-median,kernel-time-min,kernel-time-samples,kernel-time-stddev,kernel-time-throughput,local-size,problem-size,run-time-mean,run-time-median,run-time-min,run-time-samples,run-time-stddev,run-time-throughput,sycl-implementation,throughput-metric
MicroBench_L2_fp32_2,N/A,unknown,N/A,N/A,N/A,N/A,N/A,N/A,256,1048576,0.005885,0.005439,0.004561,"0.004561 0.004757 0.004757 0.004758 0.004779 0.004837 0.004866 0.004963 0.004969 0.005004 0.005013 0.005040 0.005058 0.005071 0.005085 0.005167 0.005168 0.005188 0.005230 0.005240 0.005260 0.005314 0.005326 0.005354 0.005399 0.005439 0.005441 0.005448 0.005505 0.005665 0.005675 0.005686 0.005835 0.005912 0.005917 0.005943 0.006044 0.006138 0.006509 0.006596 0.007034 0.007067 0.007425 0.007890 0.008068 0.008403 0.008431 0.008438 0.008726 0.008833",0.001200,N/A,triSYCL,N/A
# Benchmark name,Verification,device-name,kernel-time-mean,kernel-time-median,kernel-time-min,kernel-time-samples,kernel-time-stddev,kernel-time-throughput,local-size,problem-size,run-time-mean,run-time-median,run-time-min,run-time-samples,run-time-stddev,run-time-throughput,sycl-implementation,throughput-metric
MicroBench_L2_fp32_4,N/A,unknown,N/A,N/A,N/A,N/A,N/A,N/A,256,1048576,0.006337,0.005796,0.004565,"0.004565 0.004667 0.004669 0.004757 0.004818 0.004922 0.004934 0.004957 0.004999 0.005006 0.005065 0.005075 0.005114 0.005199 0.005211 0.005222 0.005268 0.005284 0.005298 0.005305 0.005366 0.005525 0.005552 0.005636 0.005706 0.005796 0.005813 0.005876 0.005924 0.006033 0.006223 0.006351 0.006354 0.006528 0.006832 0.007012 0.007194 0.007231 0.007294 0.007340 0.007399 0.007563 0.007972 0.008008 0.008334 0.008563 0.008619 0.008646 0.008682 0.017120",0.001988,N/A,triSYCL,N/A
# Benchmark name,Verification,device-name,kernel-time-mean,kernel-time-median,kernel-time-min,kernel-time-samples,kernel-time-stddev,kernel-time-throughput,local-size,problem-size,run-time-mean,run-time-median,run-time-min,run-time-samples,run-time-stddev,run-time-throughput,sycl-implementation,throughput-metric
MicroBench_L2_fp32_8,N/A,unknown,N/A,N/A,N/A,N/A,N/A,N/A,256,1048576,0.005733,0.005314,0.004727,"0.004727 0.004749 0.004766 0.004782 0.004793 0.004809 0.004858 0.004870 0.004897 0.004903 0.004985 0.005000 0.005008 0.005018 0.005037 0.005053 0.005082 0.005093 0.005099 0.005109 0.005172 0.005178 0.005205 0.005218 0.005252 0.005314 0.005374 0.005420 0.005455 0.005504 0.005670 0.005686 0.005714 0.005863 0.005884 0.005952 0.005963 0.005989 0.006685 0.006703 0.006919 0.007069 0.007072 0.007237 0.007243 0.007259 0.007406 0.008083 0.008231 0.008270",0.001010,N/A,triSYCL,N/A
# Benchmark name,Verification,device-name,kernel-time-mean,kernel-time-median,kernel-time-min,kernel-time-samples,kernel-time-stddev,kernel-time-throughput,local-size,problem-size,run-time-mean,run-time-median,run-time-min,run-time-samples,run-time-stddev,run-time-throughput,sycl-implementation,throughput-metric
MicroBench_L2_fp32_16,N/A,unknown,N/A,N/A,N/A,N/A,N/A,N/A,256,1048576,0.006211,0.005838,0.004869,"0.004869 0.004914 0.004992 0.005075 0.005093 0.005113 0.005165 0.005246 0.005329 0.005333 0.005370 0.005389 0.005419 0.005541 0.005541 0.005573 0.005596 0.005606 0.005623 0.005638 0.005756 0.005783 0.005787 0.005802 0.005820 0.005838 0.005900 0.005996 0.006003 0.006094 0.006094 0.006103 0.006143 0.006304 0.006342 0.006399 0.006458 0.006765 0.007068 0.007071 0.007093 0.007102 0.007211 0.007931 0.008070 0.008347 0.008387 0.008402 0.008971 0.009068",0.001098,N/A,triSYCL,N/A
# Benchmark name,Verification,device-name,kernel-time-mean,kernel-time-median,kernel-time-min,kernel-time-samples,kernel-time-stddev,kernel-time-throughput,local-size,problem-size,run-time-mean,run-time-median,run-time-min,run-time-samples,run-time-stddev,run-time-throughput,sycl-implementation,throughput-metric
MicroBench_L2_fp64_1,N/A,unknown,N/A,N/A,N/A,N/A,N/A,N/A,256,1048576,0.005915,0.005670,0.004668,"0.004668 0.004745 0.004868 0.004872 0.004883 0.004979 0.005068 0.005092 0.005096 0.005109 0.005130 0.005156 0.005169 0.005190 0.005290 0.005376 0.005383 0.005441 0.005487 0.005493 0.005536 0.005565 0.005582 0.005605 0.005662 0.005670 0.005702 0.005732 0.005743 0.005769 0.005830 0.005830 0.005900 0.006055 0.006067 0.006083 0.006175 0.006186 0.006393 0.006440 0.006447 0.006703 0.007073 0.007102 0.007146 0.007306 0.007944 0.008429 0.008600 0.008958",0.001001,N/A,triSYCL,N/A
# Benchmark name,Verification,device-name,kernel-time-mean,kernel-time-median,kernel-time-min,kernel-time-samples,kernel-time-stddev,kernel-time-throughput,local-size,problem-size,run-time-mean,run-time-median,run-time-min,run-time-samples,run-time-stddev,run-time-throughput,sycl-implementation,throughput-metric
MicroBench_L2_fp64_2,N/A,unknown,N/A,N/A,N/A,N/A,N/A,N/A,256,1048576,0.005851,0.005539,0.004782,"0.004782 0.004823 0.004863 0.004884 0.004890 0.004901 0.004902 0.004961 0.004964 0.005048 0.005051 0.005132 0.005176 0.005193 0.005273 0.005276 0.005276 0.005281 0.005295 0.005400 0.005418 0.005470 0.005508 0.005519 0.005537 0.005539 0.005548 0.005599 0.005625 0.005658 0.005674 0.005716 0.005842 0.005940 0.006035 0.006042 0.006075 0.006117 0.006172 0.006502 0.006590 0.007269 0.007301 0.007370 0.007593 0.007633 0.007782 0.007788 0.007849 0.008474",0.000971,N/A,triSYCL,N/A
# Benchmark name,Verification,device-name,kernel-time-mean,kernel-time-median,kernel-time-min,kernel-time-samples,kernel-time-stddev,kernel-time-throughput,local-size,problem-size,run-time-mean,run-time-median,run-time-min,run-time-samples,run-time-stddev,run-time-throughput,sycl-implementation,throughput-metric
MicroBench_L2_fp64_4,N/A,unknown,N/A,N/A,N/A,N/A,N/A,N/A,256,1048576,0.006168,0.005593,0.004642,"0.004642 0.004866 0.004888 0.004903 0.004947 0.004970 0.004983 0.005013 0.005037 0.005039 0.005045 0.005138 0.005177 0.005225 0.005276 0.005306 0.005327 0.005344 0.005386 0.005394 0.005453 0.005456 0.005464 0.005530 0.005564 0.005593 0.005602 0.005673 0.005702 0.005780 0.005845 0.005882 0.005920 0.005948 0.006022 0.006441 0.006491 0.006535 0.006933 0.007045 0.007268 0.007512 0.007892 0.008378 0.008538 0.008563 0.008638 0.008738 0.008877 0.013195",0.001571,N/A,triSYCL,N/A
# Benchmark name,Verification,device-name,kernel-time-mean,kernel-time-median,kernel-time-min,kernel-time-samples,kernel-time-stddev,kernel-time-throughput,local-size,problem-size,run-time-mean,run-time-median,run-time-min,run-time-samples,run-time-stddev,run-time-throughput,sycl-implementation,throughput-metric
MicroBench_L2_fp64_8,N/A,unknown,N/A,N/A,N/A,N/A,N/A,N/A,256,1048576,0.005958,0.005725,0.004866,"0.004866 0.004874 0.004876 0.004937 0.004943 0.004958 0.004997 0.005031 0.005034 0.005036 0.005058 0.005151 0.005167 0.005203 0.005255 0.005301 0.005311 0.005314 0.005348 0.005440 0.005475 0.005502 0.005592 0.005604 0.005668 0.005725 0.005759 0.005787 0.005808 0.005865 0.005909 0.005964 0.005972 0.006041 0.006077 0.006168 0.006265 0.006342 0.006455 0.006551 0.006879 0.006959 0.007004 0.007090 0.007310 0.007568 0.008355 0.008392 0.008844 0.008846",0.001050,N/A,triSYCL,N/A
# Benchmark name,Verification,device-name,kernel-time-mean,kernel-time-median,kernel-time-min,kernel-time-samples,kernel-time-stddev,kernel-time-throughput,local-size,problem-size,run-time-mean,run-time-median,run-time-min,run-time-samples,run-time-stddev,run-time-throughput,sycl-implementation,throughput-metric
MicroBench_L2_fp64_16,N/A,unknown,N/A,N/A,N/A,N/A,N/A,N/A,256,1048576,0.006286,0.005948,0.005046,"0.005046 0.005137 0.005174 0.005189 0.005193 0.005195 0.005202 0.005202 0.005232 0.005276 0.005400 0.005507 0.005575 0.005614 0.005681 0.005702 0.005715 0.005719 0.005775 0.005796 0.005807 0.005842 0.005859 0.005863 0.005889 0.005948 0.005977 0.006037 0.006088 0.006107 0.006157 0.006231 0.006272 0.006384 0.006387 0.006463 0.006491 0.006880 0.006881 0.007007 0.007102 0.007211 0.007551 0.007787 0.008274 0.008394 0.008396 0.008488 0.008895 0.009304",0.001088,N/A,triSYCL,N/A
# Benchmark name,Verification,device-name,kernel-time-mean,kernel-time-median,kernel-time-min,kernel-time-samples,kernel-time-stddev,kernel-time-throughput,local-size,problem-size,run-time-mean,run-time-median,run-time-min,run-time-samples,run-time-stddev,run-time-throughput,sycl-implementation,throughput-metric
Polybench_3mm,PASS,unknown,N/A,N/A,N/A,N/A,N/A,N/A,256,1024,0.771491,0.772180,0.746315,"0.746315 0.760384 0.765558 0.766732 0.767790 0.768567 0.769799 0.769979 0.770045 0.770079 0.770167 0.770910 0.770973 0.771048 0.771131 0.771171 0.771482 0.771501 0.771626 0.771749 0.771763 0.771848 0.771855 0.771906 0.772122 0.772180 0.772353 0.772662 0.772697 0.772939 0.773084 0.773485 0.773592 0.773608 0.773725 0.773747 0.773818 0.773838 0.773879 0.773945 0.773993 0.774024 0.774091 0.774278 0.774438 0.774452 0.774916 0.775516 0.775798 0.776970",0.004575,N/A,triSYCL,N/A
# Benchmark name,Verification,device-name,kernel-time-mean,kernel-time-median,kernel-time-min,kernel-time-samples,kernel-time-stddev,kernel-time-throughput,local-size,problem-size,run-time-mean,run-time-median,run-time-min,run-time-samples,run-time-stddev,run-time-throughput,sycl-implementation,throughput-metric
Polybench_Syrk,PASS,unknown,N/A,N/A,N/A,N/A,N/A,N/A,256,1024,0.047889,0.046972,0.043348,"0.043348 0.043515 0.043729 0.043734 0.043789 0.043827 0.044204 0.044332 0.044575 0.044777 0.044849 0.044873 0.044993 0.045010 0.045372 0.045487 0.045793 0.045949 0.045984 0.045991 0.046100 0.046146 0.046401 0.046456 0.046860 0.046972 0.047476 0.047527 0.047690 0.047766 0.048172 0.048291 0.048348 0.048389 0.049008 0.049089 0.049312 0.049639 0.050334 0.050362 0.050410 0.050503 0.053089 0.053902 0.054048 0.054512 0.054699 0.054811 0.055389 0.058641",0.003711,N/A,triSYCL,N/A
# Benchmark name,Verification,device-name,kernel-time-mean,kernel-time-median,kernel-time-min,kernel-time-samples,kernel-time-stddev,kernel-time-throughput,local-size,problem-size,run-time-mean,run-time-median,run-time-min,run-time-samples,run-time-stddev,run-time-throughput,sycl-implementation,throughput-metric
Polybench_2DConvolution,PASS,unknown,N/A,N/A,N/A,N/A,N/A,N/A,256,4096,0.084634,0.083343,0.076678,"0.076678 0.076738 0.076976 0.077429 0.077727 0.077916 0.078034 0.078122 0.078563 0.078807 0.078954 0.079303 0.079847 0.080121 0.080285 0.080409 0.081642 0.081716 0.081772 0.081841 0.081874 0.081925 0.082809 0.083074 0.083246 0.083343 0.083473 0.083520 0.083695 0.083768 0.084277 0.084504 0.085318 0.085473 0.086095 0.086694 0.086857 0.087937 0.087992 0.088238 0.089730 0.089764 0.090622 0.091143 0.092166 0.093996 0.099058 0.099455 0.102938 0.105862",0.006738,N/A,triSYCL,N/A
# Benchmark name,Verification,device-name,kernel-time-mean,kernel-time-median,kernel-time-min,kernel-time-samples,kernel-time-stddev,kernel-time-throughput,local-size,problem-size,run-time-mean,run-time-median,run-time-min,run-time-samples,run-time-stddev,run-time-throughput,sycl-implementation,throughput-metric
Polybench_Covariance,PASS,unknown,N/A,N/A,N/A,N/A,N/A,N/A,256,1024,0.130411,0.135700,0.090238,"0.090238 0.092347 0.100650 0.101624 0.103388 0.105596 0.111696 0.113643 0.119710 0.122772 0.124816 0.127955 0.129829 0.129966 0.130290 0.130445 0.130470 0.130472 0.130929 0.131621 0.132945 0.133628 0.133682 0.134021 0.134044 0.135700 0.136357 0.137236 0.137434 0.137443 0.137494 0.137623 0.137810 0.138381 0.139018 0.139213 0.139290 0.139588 0.139639 0.139928 0.140062 0.140448 0.140749 0.141900 0.141907 0.142590 0.142731 0.142981 0.143926 0.144338",0.013806,N/A,triSYCL,N/A
# Benchmark name,Verification,device-name,kernel-time-mean,kernel-time-median,kernel-time-min,kernel-time-samples,kernel-time-stddev,kernel-time-throughput,local-size,problem-size,run-time-mean,run-time-median,run-time-min,run-time-samples,run-time-stddev,run-time-throughput,sycl-implementation,throughput-metric
Pattern_SegmentedReduction_NDRange_int16,FAIL,unknown,N/A,N/A,N/A,N/A,N/A,N/A,256,1024,0.007089,0.007089,0.007089,"0.007089",0.000000,N/A,triSYCL,N/A
# Benchmark name,Verification,device-name,kernel-time-mean,kernel-time-median,kernel-time-min,kernel-time-samples,kernel-time-stddev,kernel-time-throughput,local-size,problem-size,run-time-mean,run-time-median,run-time-min,run-time-samples,run-time-stddev,run-time-throughput,sycl-implementation,throughput-metric
Pattern_SegmentedReduction_NDRange_int32,FAIL,unknown,N/A,N/A,N/A,N/A,N/A,N/A,256,1024,0.000334,0.000334,0.000334,"0.000334",0.000000,N/A,triSYCL,N/A
# Benchmark name,Verification,device-name,kernel-time-mean,kernel-time-median,kernel-time-min,kernel-time-samples,kernel-time-stddev,kernel-time-throughput,local-size,problem-size,run-time-mean,run-time-median,run-time-min,run-time-samples,run-time-stddev,run-time-throughput,sycl-implementation,throughput-metric
Pattern_SegmentedReduction_NDRange_int64,FAIL,unknown,N/A,N/A,N/A,N/A,N/A,N/A,256,1024,0.000632,0.000632,0.000632,"0.000632",0.000000,N/A,triSYCL,N/A
# Benchmark name,Verification,device-name,kernel-time-mean,kernel-time-median,kernel-time-min,kernel-time-samples,kernel-time-stddev,kernel-time-throughput,local-size,problem-size,run-time-mean,run-time-median,run-time-min,run-time-samples,run-time-stddev,run-time-throughput,sycl-implementation,throughput-metric
Pattern_SegmentedReduction_NDRange_fp32,FAIL,unknown,N/A,N/A,N/A,N/A,N/A,N/A,256,1024,0.000793,0.000793,0.000793,"0.000793",0.000000,N/A,triSYCL,N/A
# Benchmark name,Verification,device-name,kernel-time-mean,kernel-time-median,kernel-time-min,kernel-time-samples,kernel-time-stddev,kernel-time-throughput,local-size,problem-size,run-time-mean,run-time-median,run-time-min,run-time-samples,run-time-stddev,run-time-throughput,sycl-implementation,throughput-metric
Pattern_SegmentedReduction_NDRange_fp64,FAIL,unknown,N/A,N/A,N/A,N/A,N/A,N/A,256,1024,0.000644,0.000644,0.000644,"0.000644",0.000000,N/A,triSYCL,N/A
# Benchmark name,Verification,device-name,kernel-time-mean,kernel-time-median,kernel-time-min,kernel-time-samples,kernel-time-stddev,kernel-time-throughput,local-size,problem-size,run-time-mean,run-time-median,run-time-min,run-time-samples,run-time-stddev,run-time-throughput,sycl-implementation,throughput-metric
Pattern_SegmentedReduction_Hierarchical_int16,FAIL,unknown,N/A,N/A,N/A,N/A,N/A,N/A,256,1024,0.000506,0.000506,0.000506,"0.000506",0.000000,N/A,triSYCL,N/A
# Benchmark name,Verification,device-name,kernel-time-mean,kernel-time-median,kernel-time-min,kernel-time-samples,kernel-time-stddev,kernel-time-throughput,local-size,problem-size,run-time-mean,run-time-median,run-time-min,run-time-samples,run-time-stddev,run-time-throughput,sycl-implementation,throughput-metric
Pattern_SegmentedReduction_Hierarchical_int32,FAIL,unknown,N/A,N/A,N/A,N/A,N/A,N/A,256,1024,0.000509,0.000509,0.000509,"0.000509",0.000000,N/A,triSYCL,N/A
# Benchmark name,Verification,device-name,kernel-time-mean,kernel-time-median,kernel-time-min,kernel-time-samples,kernel-time-stddev,kernel-time-throughput,local-size,problem-size,run-time-mean,run-time-median,run-time-min,run-time-samples,run-time-stddev,run-time-throughput,sycl-implementation,throughput-metric
Pattern_SegmentedReduction_Hierarchical_int64,FAIL,unknown,N/A,N/A,N/A,N/A,N/A,N/A,256,1024,0.000462,0.000462,0.000462,"0.000462",0.000000,N/A,triSYCL,N/A
# Benchmark name,Verification,device-name,kernel-time-mean,kernel-time-median,kernel-time-min,kernel-time-samples,kernel-time-stddev,kernel-time-throughput,local-size,problem-size,run-time-mean,run-time-median,run-time-min,run-time-samples,run-time-stddev,run-time-throughput,sycl-implementation,throughput-metric
Pattern_SegmentedReduction_Hierarchical_fp32,FAIL,unknown,N/A,N/A,N/A,N/A,N/A,N/A,256,1024,0.000597,0.000597,0.000597,"0.000597",0.000000,N/A,triSYCL,N/A
# Benchmark name,Verification,device-name,kernel-time-mean,kernel-time-median,kernel-time-min,kernel-time-samples,kernel-time-stddev,kernel-time-throughput,local-size,problem-size,run-time-mean,run-time-median,run-time-min,run-time-samples,run-time-stddev,run-time-throughput,sycl-implementation,throughput-metric
Pattern_SegmentedReduction_Hierarchical_fp64,FAIL,unknown,N/A,N/A,N/A,N/A,N/A,N/A,256,1024,0.000589,0.000589,0.000589,"0.000589",0.000000,N/A,triSYCL,N/A
# Benchmark name,Verification,device-name,kernel-time-mean,kernel-time-median,kernel-time-min,kernel-time-samples,kernel-time-stddev,kernel-time-throughput,local-size,problem-size,run-time-mean,run-time-median,run-time-min,run-time-samples,run-time-stddev,run-time-throughput,sycl-implementation,throughput-metric
LinearRegressionCoeff_fp32,FAIL,unknown,N/A,N/A,N/A,N/A,N/A,N/A,256,1048576,0.100907,0.100907,0.100907,"0.100907",0.000000,N/A,triSYCL,N/A
# Benchmark name,Verification,device-name,kernel-time-mean,kernel-time-median,kernel-time-min,kernel-time-samples,kernel-time-stddev,kernel-time-throughput,local-size,problem-size,run-time-mean,run-time-median,run-time-min,run-time-samples,run-time-stddev,run-time-throughput,sycl-implementation,throughput-metric
LinearRegressionCoeff_fp64,FAIL,unknown,N/A,N/A,N/A,N/A,N/A,N/A,256,1048576,0.069679,0.069679,0.069679,"0.069679",0.000000,N/A,triSYCL,N/A
# Benchmark name,Verification,device-name,kernel-time-mean,kernel-time-median,kernel-time-min,kernel-time-samples,kernel-time-stddev,kernel-time-throughput,local-size,problem-size,run-time-mean,run-time-median,run-time-min,run-time-samples,run-time-stddev,run-time-throughput,sycl-implementation,throughput-metric
Polybench_Fdtd2d,PASS,unknown,N/A,N/A,N/A,N/A,N/A,N/A,256,1024,8.283073,8.286712,8.178380,"8.178380 8.239245 8.251027 8.251801 8.252345 8.256480 8.256980 8.258678 8.260111 8.260174 8.261850 8.262854 8.263429 8.265574 8.266560 8.266706 8.267523 8.272804 8.273733 8.275047 8.275956 8.275999 8.276898 8.279464 8.283294 8.286712 8.286990 8.288201 8.291065 8.293601 8.294196 8.295229 8.295417 8.295695 8.298281 8.300505 8.301056 8.303251 8.303345 8.306831 8.307169 8.307554 8.308274 8.312042 8.313045 8.315743 8.317983 8.328666 8.331668 8.338224",0.027842,N/A,triSYCL,N/A
# Benchmark name,Verification,device-name,kernel-time-mean,kernel-time-median,kernel-time-min,kernel-time-samples,kernel-time-stddev,kernel-time-throughput,local-size,problem-size,run-time-mean,run-time-median,run-time-min,run-time-samples,run-time-stddev,run-time-throughput,sycl-implementation,throughput-metric
ScalarProduct_NDRange_int32,FAIL,unknown,N/A,N/A,N/A,N/A,N/A,N/A,256,1048576,0.036460,0.036460,0.036460,"0.036460",0.000000,N/A,triSYCL,N/A
# Benchmark name,Verification,device-name,kernel-time-mean,kernel-time-median,kernel-time-min,kernel-time-samples,kernel-time-stddev,kernel-time-throughput,local-size,problem-size,run-time-mean,run-time-median,run-time-min,run-time-samples,run-time-stddev,run-time-throughput,sycl-implementation,throughput-metric
ScalarProduct_NDRange_int64,FAIL,unknown,N/A,N/A,N/A,N/A,N/A,N/A,256,1048576,0.021202,0.021202,0.021202,"0.021202",0.000000,N/A,triSYCL,N/A
# Benchmark name,Verification,device-name,kernel-time-mean,kernel-time-median,kernel-time-min,kernel-time-samples,kernel-time-stddev,kernel-time-throughput,local-size,problem-size,run-time-mean,run-time-median,run-time-min,run-time-samples,run-time-stddev,run-time-throughput,sycl-implementation,throughput-metric
ScalarProduct_NDRange_fp32,FAIL,unknown,N/A,N/A,N/A,N/A,N/A,N/A,256,1048576,0.020460,0.020460,0.020460,"0.020460",0.000000,N/A,triSYCL,N/A
# Benchmark name,Verification,device-name,kernel-time-mean,kernel-time-median,kernel-time-min,kernel-time-samples,kernel-time-stddev,kernel-time-throughput,local-size,problem-size,run-time-mean,run-time-median,run-time-min,run-time-samples,run-time-stddev,run-time-throughput,sycl-implementation,throughput-metric
ScalarProduct_NDRange_fp64,FAIL,unknown,N/A,N/A,N/A,N/A,N/A,N/A,256,1048576,0.024276,0.024276,0.024276,"0.024276",0.000000,N/A,triSYCL,N/A
# Benchmark name,Verification,device-name,kernel-time-mean,kernel-time-median,kernel-time-min,kernel-time-samples,kernel-time-stddev,kernel-time-throughput,local-size,problem-size,run-time-mean,run-time-median,run-time-min,run-time-samples,run-time-stddev,run-time-throughput,sycl-implementation,throughput-metric
ScalarProduct_Hierarchical_int32,FAIL,unknown,N/A,N/A,N/A,N/A,N/A,N/A,256,1048576,0.001964,0.001964,0.001964,"0.001964",0.000000,N/A,triSYCL,N/A
# Benchmark name,Verification,device-name,kernel-time-mean,kernel-time-median,kernel-time-min,kernel-time-samples,kernel-time-stddev,kernel-time-throughput,local-size,problem-size,run-time-mean,run-time-median,run-time-min,run-time-samples,run-time-stddev,run-time-throughput,sycl-implementation,throughput-metric
ScalarProduct_Hierarchical_int64,FAIL,unknown,N/A,N/A,N/A,N/A,N/A,N/A,256,1048576,0.001489,0.001489,0.001489,"0.001489",0.000000,N/A,triSYCL,N/A
# Benchmark name,Verification,device-name,kernel-time-mean,kernel-time-median,kernel-time-min,kernel-time-samples,kernel-time-stddev,kernel-time-throughput,local-size,problem-size,run-time-mean,run-time-median,run-time-min,run-time-samples,run-time-stddev,run-time-throughput,sycl-implementation,throughput-metric
ScalarProduct_Hierarchical_fp32,FAIL,unknown,N/A,N/A,N/A,N/A,N/A,N/A,256,1048576,0.001420,0.001420,0.001420,"0.001420",0.000000,N/A,triSYCL,N/A
# Benchmark name,Verification,device-name,kernel-time-mean,kernel-time-median,kernel-time-min,kernel-time-samples,kernel-time-stddev,kernel-time-throughput,local-size,problem-size,run-time-mean,run-time-median,run-time-min,run-time-samples,run-time-stddev,run-time-throughput,sycl-implementation,throughput-metric
ScalarProduct_Hierarchical_fp64,FAIL,unknown,N/A,N/A,N/A,N/A,N/A,N/A,256,1048576,0.001667,0.001667,0.001667,"0.001667",0.000000,N/A,triSYCL,N/A
# Benchmark name,Verification,device-name,kernel-time-mean,kernel-time-median,kernel-time-min,kernel-time-samples,kernel-time-stddev,kernel-time-throughput,local-size,problem-size,run-time-mean,run-time-median,run-time-min,run-time-samples,run-time-stddev,run-time-throughput,sycl-implementation,throughput-metric
Polybench_Syr2k,PASS,unknown,N/A,N/A,N/A,N/A,N/A,N/A,256,1024,0.092303,0.091646,0.088553,"0.088553 0.089479 0.089687 0.089879 0.089995 0.089997 0.090097 0.090137 0.090658 0.090668 0.090716 0.090761 0.090936 0.091014 0.091062 0.091340 0.091433 0.091434 0.091453 0.091462 0.091473 0.091476 0.091485 0.091599 0.091646 0.091646 0.091657 0.091680 0.091698 0.091792 0.091814 0.091850 0.092089 0.092263 0.092303 0.092349 0.092421 0.092645 0.093178 0.093233 0.093317 0.093806 0.093980 0.094037 0.094557 0.095497 0.097150 0.098280 0.100515 0.102981",0.002659,N/A,triSYCL,N/A
# Benchmark name,Verification,device-name,kernel-time-mean,kernel-time-median,kernel-time-min,kernel-time-samples,kernel-time-stddev,kernel-time-throughput,local-size,problem-size,run-time-mean,run-time-median,run-time-min,run-time-samples,run-time-stddev,run-time-throughput,sycl-implementation,throughput-metric
Runtime_DAGTaskThroughput_SingleTask,PASS,unknown,N/A,N/A,N/A,N/A,N/A,N/A,256,1024,0.026519,0.027382,0.015928,"0.015928 0.016064 0.016693 0.017136 0.017313 0.018229 0.019004 0.019172 0.019885 0.020088 0.020717 0.022206 0.023086 0.023202 0.023616 0.024246 0.024479 0.024686 0.024903 0.025314 0.025953 0.025969 0.026259 0.026366 0.026821 0.027382 0.027980 0.027999 0.028254 0.028511 0.028862 0.028945 0.030107 0.030127 0.030380 0.030572 0.030636 0.030936 0.030942 0.031153 0.032740 0.032872 0.032937 0.033333 0.033353 0.033681 0.033860 0.034067 0.034424 0.034555",0.005564,N/A,triSYCL,N/A
# Benchmark name,Verification,device-name,kernel-time-mean,kernel-time-median,kernel-time-min,kernel-time-samples,kernel-time-stddev,kernel-time-throughput,local-size,problem-size,run-time-mean,run-time-median,run-time-min,run-time-samples,run-time-stddev,run-time-throughput,sycl-implementation,throughput-metric
Runtime_DAGTaskThroughput_BasicParallelFor,PASS,unknown,N/A,N/A,N/A,N/A,N/A,N/A,256,1024,0.109924,0.108178,0.087906,"0.087906 0.088736 0.092505 0.094325 0.094470 0.094497 0.095503 0.095977 0.096174 0.097369 0.097390 0.097572 0.097649 0.099348 0.100200 0.100636 0.101749 0.102347 0.104030 0.104499 0.104805 0.105160 0.105692 0.105706 0.107287 0.108178 0.108971 0.109547 0.110384 0.110574 0.111144 0.115159 0.116301 0.117347 0.119049 0.119111 0.119571 0.119702 0.120755 0.121086 0.122206 0.122208 0.122405 0.123566 0.130595 0.130850 0.131236 0.132932 0.133145 0.148650",0.013551,N/A,triSYCL,N/A
# Benchmark name,Verification,device-name,kernel-time-mean,kernel-time-median,kernel-time-min,kernel-time-samples,kernel-time-stddev,kernel-time-throughput,local-size,problem-size,run-time-mean,run-time-median,run-time-min,run-time-samples,run-time-stddev,run-time-throughput,sycl-implementation,throughput-metric
Runtime_DAGTaskThroughput_HierarchicalParallelFor,PASS,unknown,N/A,N/A,N/A,N/A,N/A,N/A,256,1024,0.107124,0.107250,0.084371,"0.084371 0.087900 0.089581 0.093162 0.093555 0.093630 0.093900 0.093958 0.094357 0.095742 0.096762 0.097509 0.098044 0.098054 0.098251 0.098490 0.099998 0.100637 0.101924 0.102429 0.103489 0.103552 0.104905 0.105166 0.106765 0.107250 0.107542 0.108356 0.108517 0.108587 0.109746 0.109850 0.111566 0.112915 0.113236 0.114480 0.115085 0.115150 0.115338 0.117284 0.118140 0.118270 0.119139 0.119554 0.120604 0.121373 0.124929 0.129100 0.133079 0.140989",0.012041,N/A,triSYCL,N/A
# Benchmark name,Verification,device-name,kernel-time-mean,kernel-time-median,kernel-time-min,kernel-time-samples,kernel-time-stddev,kernel-time-throughput,local-size,problem-size,run-time-mean,run-time-median,run-time-min,run-time-samples,run-time-stddev,run-time-throughput,sycl-implementation,throughput-metric
Runtime_DAGTaskThroughput_NDRangeParallelFor,PASS,unknown,N/A,N/A,N/A,N/A,N/A,N/A,256,1024,0.104270,0.103282,0.082567,"0.082567 0.087524 0.087761 0.087891 0.088034 0.088437 0.089877 0.090191 0.090899 0.091331 0.091838 0.092268 0.092474 0.094881 0.095184 0.095455 0.097025 0.097458 0.098150 0.100039 0.101724 0.101887 0.102038 0.102052 0.102856 0.103282 0.103388 0.103452 0.103658 0.104418 0.105337 0.106425 0.106455 0.107776 0.109875 0.112329 0.113606 0.114632 0.116106 0.116898 0.117263 0.117885 0.118171 0.118555 0.119982 0.121689 0.125471 0.125891 0.129259 0.141875",0.013012,N/A,triSYCL,N/A
# Benchmark name,Verification,device-name,kernel-time-mean,kernel-time-median,kernel-time-min,kernel-time-samples,kernel-time-stddev,kernel-time-throughput,local-size,problem-size,run-time-mean,run-time-median,run-time-min,run-time-samples,run-time-stddev,run-time-throughput,sycl-implementation,throughput-metric
MicroBench_DRAM_fp32_1,PASS,unknown,N/A,N/A,N/A,N/A,N/A,N/A,256,1024,1.005815,1.001539,0.982869,"0.982869 0.983114 0.985192 0.985443 0.985465 0.985977 0.986857 0.988007 0.988632 0.988704 0.988771 0.990406 0.990641 0.992016 0.992822 0.992891 0.993525 0.994255 0.994361 0.995400 0.996012 0.997187 0.997377 0.999630 0.999912 1.001539 1.005436 1.006559 1.006718 1.007717 1.007744 1.008626 1.010008 1.012837 1.013657 1.014474 1.014539 1.016486 1.018396 1.019283 1.019335 1.020158 1.022452 1.022885 1.025626 1.034844 1.035934 1.038609 1.045763 1.085657",0.019687,2.034859,triSYCL,2.000000
